prenom;sexe;pays;cheveux;moustache;barbe;tatoue;yeux;lunettes;taille
YIANNA;feminin;Saint-Vincent-et-les-Grenadines;chauve;non;oui;oui;noir;non;202
KOPEN;masculin;Grèce;chauve;oui;non;non;bleu;oui;186
KILALA;feminin;Soudan du Sud;blond;non;oui;oui;noir;non;190
VASANDA;feminin;Turquie;blanc;oui;non;non;noir;non;153
LABOUTIERE;feminin;Brunei;gris;non;non;non;vert;non;175
SOKHALAY;masculin;Maldives;roux;non;non;oui;vert;oui;151
BENNYE;feminin;Syrie;chauve;non;oui;oui;bleu;non;190
KATEHIK;feminin;Colombie;chauve;oui;non;oui;noir;non;152
JUVERNA;masculin;Salvador;auburn;non;non;non;marron;non;162
ISUF;masculin;Lituanie;brun;oui;oui;non;noir;oui;162
MARMET;feminin;Paraguay;auburn;non;non;oui;noir;non;171
KARHI;feminin;Micronésie;chauve;non;non;non;marron;non;155
KATTINA;feminin;Pérou;chauve;non;oui;oui;noir;non;205
MURVYN;masculin;Antigua-et-Barbuda;chauve;non;non;non;noir;oui;167
AYRI;feminin;gypte;brun;oui;non;non;noir;oui;169
SAFEEDA;feminin;Timor oriental;noir;oui;non;oui;vert;non;163
COCILIA;feminin;France;chauve;oui;non;non;marron;non;166
EYE;feminin;Rpublique dmocratique du Congo;noir;oui;oui;non;noir;oui;172
PALKYI;feminin;Vatican;chtain;non;non;oui;bleu;non;157
MICHELELUCIE;masculin;Bolivie;brun;oui;non;non;noir;oui;176
SAMA;masculin;Saint-Marin;gris;non;oui;non;marron;non;170
VOLOLONANDRIANA;masculin;Kirghizstan;chauve;oui;non;non;bleu;non;198
MODA;masculin;Tchad;auburn;oui;oui;oui;marron;non;198
HELEYETT;feminin;Brunei;auburn;oui;non;non;noir;oui;198
TOBIA;feminin;Turkmnistan;brun;oui;non;oui;vert;non;168
YOOK;masculin;Botswana;blanc;oui;oui;oui;noir;oui;198
VINOKANTH;masculin;Congo;auburn;oui;oui;non;marron;oui;155
ATTRACTA;masculin;Turquie;blanc;non;oui;non;noir;non;166
GHIULIA;masculin;Malawi;auburn;non;non;oui;bleu;non;206
ALBERTR;feminin;Irlande;noir;oui;oui;oui;marron;non;206
MALIK;feminin;Maldives;noir;oui;non;non;marron;non;163
TUISOLA;masculin;Sao Tom-et-Principe;chtain;oui;non;oui;bleu;non;203
SAHEED;feminin;Core du Sud;blond;oui;non;oui;marron;oui;154
MEIDI;feminin;Norvge;gris;non;non;oui;bleu;oui;179
HAKINA;feminin;Allemagne;gris;oui;non;oui;bleu;non;189
DOU;masculin;Cte d'Ivoire;roux;non;oui;oui;marron;oui;161
ZOUBER;feminin;Mongolie;brun;oui;oui;non;vert;non;181
SURENDREN;masculin;Knya;noir;oui;non;oui;vert;oui;168
KADJAT;feminin;Palaos;chauve;non;non;non;noir;oui;198
MOUSSAVI;feminin;Pays-Bas;chtain;oui;non;oui;vert;non;159
TABARINI;masculin;Bosnie-Herzgovine;auburn;oui;oui;non;marron;non;200
ROCOS;masculin;Core du Nord;brun;non;non;non;marron;oui;163
MAREAU;masculin;Chine;blond;non;non;non;bleu;oui;175
ZIALLO;feminin;Belgique;chauve;non;non;non;noir;non;183
VIESO;feminin;Cte d'Ivoire;blanc;non;non;non;bleu;non;185
CARTAME;masculin;Bulgarie;auburn;non;non;oui;noir;non;199
KHADJOUDA;feminin;Ouzbkistan;chauve;non;non;oui;marron;non;180
PFISIER;masculin;Thalande;gris;oui;non;non;vert;oui;176
LARIFA;masculin;Andorre;brun;oui;non;non;marron;non;155
LETOCART;feminin;Ukraine;blond;oui;non;non;marron;oui;161
DRACOSLAV;masculin;Guine;noir;oui;non;oui;noir;oui;191
VILLEPREUX;feminin;Sri Lanka;blanc;oui;non;non;vert;non;157
DEPLHINE;feminin;Cte d'Ivoire;gris;oui;oui;oui;bleu;non;205
DUPEUX;feminin;Suisse;gris;oui;oui;non;noir;non;175
ACHOT;masculin;Maroc;blond;oui;oui;non;marron;non;208
TERROT;feminin;Danemark;noir;non;oui;non;noir;non;205
GORGIOS;masculin;Vatican;chtain;oui;oui;oui;noir;oui;176
YAN;masculin;Bulgarie;blanc;oui;non;oui;marron;non;172
AASHIQ;masculin;Bulgarie;noir;non;oui;non;noir;oui;180
ABITBOL;masculin;Gabon;roux;oui;non;oui;vert;oui;165
NOSALDIM;masculin;les Marshall;chauve;non;non;oui;bleu;non;208
ABDELKRIME;masculin;Sri Lanka;roux;non;non;oui;vert;non;157
CURTI;masculin;Madagascar;auburn;oui;non;non;bleu;non;181
BATRHELEMY;feminin;Centrafrique;blanc;non;oui;oui;bleu;non;204
BRIGNARDELLO;feminin;Chypre;auburn;non;non;non;noir;oui;187
ZONITA;masculin;Moldavie;blond;non;non;non;noir;oui;189
ROSEMARIE;feminin;Burkina;blond;non;non;oui;vert;oui;201
LAURY;masculin;Costa Rica;roux;non;oui;oui;marron;oui;166
MUNIN;masculin;Luxembourg;chauve;non;non;oui;marron;non;186
KEPHREN;feminin;Turquie;auburn;non;non;non;vert;oui;172
BEHLA;masculin;Serbie;auburn;non;non;oui;noir;non;201
YAZGULU;masculin;Espagne;noir;non;non;non;noir;non;205
ZHIWEI;feminin;Vietnam;auburn;oui;oui;non;noir;oui;165
TYLIANN;masculin;Grèce;auburn;non;non;non;vert;non;198
CORIANDRE;feminin;Costa Rica;roux;non;oui;non;bleu;non;174
ALAMAN;masculin;Bahamas;gris;oui;non;non;vert;non;157
DEODAD;masculin;Nauru;noir;non;oui;non;vert;non;152
MAHAMOUDA;masculin;mirats arabes unis;roux;oui;non;non;vert;non;155
PHONSIA;masculin;Norvge;chtain;oui;oui;non;noir;oui;200
MENGSHU;masculin;Slovnie;auburn;non;oui;oui;noir;oui;202
MAUNY;feminin;Kowet;chtain;oui;oui;non;marron;oui;150
MATOIRI;masculin;Autriche;noir;oui;non;non;vert;oui;174
MIRADO;feminin;Philippines;gris;oui;oui;non;bleu;non;190
ETTAHER;feminin;Vietnam;noir;oui;non;non;bleu;oui;187
OUADOUDI;feminin;Nouvelle-Zlande;blond;oui;oui;oui;bleu;non;162
CATELLE;feminin;Rpublique dominicaine;brun;non;oui;non;bleu;non;198
MAJRI;masculin;Suriname;blond;oui;oui;oui;marron;oui;179
OUASSIM;masculin;Knya;chauve;oui;non;non;marron;non;173
JULHE;feminin;Guine;roux;non;non;oui;bleu;non;193
BARRETRO;masculin;Liban;chtain;oui;oui;oui;vert;non;208
DELAGRANGE;masculin;Turkmnistan;roux;oui;oui;non;noir;oui;157
TEMATAHI;feminin;Canada;gris;oui;oui;oui;noir;oui;177
EMMERENTIENNE;masculin;Saint-Christophe-et-Nivs;roux;non;oui;non;marron;non;168
ABDOURAKHAMANE;masculin;Palaos;blanc;non;non;oui;noir;non;197
ROIS;masculin;Islande;noir;non;oui;non;marron;oui;199
MESINEE;feminin;thiopie;noir;oui;oui;non;noir;oui;157
KAREEM;masculin;Pays-Bas;gris;non;oui;oui;noir;oui;181
RITHCHY;masculin;Nouvelle-Zlande;gris;oui;oui;oui;vert;non;169
GRESSET;feminin;Maurice;chauve;oui;non;oui;marron;non;168